,Name,Location,Suberb,PostCode,Price Today,Price Tomorrow,Brand
2,Vibe Ascot,268 Great Eastern Hwy,ASCOT,6104,154.7,154.70,Vibe
7,Ampol Foodary Bannister Road,60 Bannister Rd,CANNING VALE,6155,155.9,155.90,Ampol
5,Ampol Foodary Kwinana,Cnr Mandurah Rd & Wellard Rd,KWINANA BEACH,6167,154.9,155.90,Ampol
58,Ampol Foodary South Lake,2 Omeo St,SOUTH LAKE,6164,159.9,156.90,Ampol
3,Vibe Kwinana OPT,Cnr Mandurah Rd & Beach St,KWINANA BEACH,6167,154.8,157.30,Vibe
6,Vibe Canning Vale,6 Birnam Rd,CANNING VALE,6155,155.8,157.30,Vibe
37,United Perth Airport,Airport Dr (Cnr Paltridge Rd),PERTH AIRPORT,6105,159.5,157.50,United
59,EG Ampol South Lake,752 North Lake Rd,SOUTH LAKE,6164,159.9,157.90,EG Ampol
12,Burk Broadwater,545 Bussell Hwy,BROADWATER,6280,158.3,158.30,BURK
15,Liberty Busselton West,100 West St,WEST BUSSELTON,6280,158.3,158.30,Liberty
82,United Hepburn Heights,4 Walter Padbury Bvd,PADBURY,6025,161.5,158.50,United
55,Vibe Morley,430 Morley Dr,MORLEY,6062,159.9,158.80,Vibe
68,Vibe Welshpool,124 Welshpool Rd,WELSHPOOL,6106,161.3,158.80,Vibe
66,Vibe Osborne Park,7 Hutton St,OSBORNE PARK,6017,161.3,158.80,Vibe
65,Vibe Kwinana Town Centre,6 Chisham Ave,KWINANA TOWN CENTRE,6167,161.3,158.80,Vibe
22,Vibe Jandakot,630 Karel Ave,JANDAKOT,6164,159.3,158.80,Vibe
70,United Anketell South,811 Thomas Rd,ANKETELL,6167,161.5,158.90,United
16,BP Thornlie,459 Nicholson Rd,CANNING VALE,6155,158.9,158.90,BP
50,Ampol Foodary High Wycombe,967 Abernethy Rd,HIGH WYCOMBE,6057,159.9,158.90,Ampol
32,Vibe Forrestfield,159 Milner Rd,FORRESTFIELD,6058,159.5,159.20,Vibe
25,Vibe Neerabup,1 Pinnacle Dr,NEERABUP,6031,159.3,159.30,Vibe
24,Burk Malaga,1 Harlond Ave,MALAGA,6090,159.3,159.30,BURK
23,Burk Landsdale,274 Gnangara Rd,LANDSDALE,6065,159.3,159.30,BURK
18,X Convenience Alkimos,58 Montana Cres,ALKIMOS,6038,159.3,159.30,X Convenience
19,Vibe Bullsbrook Northlink,1769 Neaves Rd,BULLSBROOK,6084,159.3,159.30,Vibe
17,Burk Alkimos,12 Longstaff Ave,ALKIMOS,6038,159.3,159.30,BURK
30,X Convenience Erskine,2 Wattleglen Ave,ERSKINE,6210,159.5,159.50,X Convenience
34,Liberty Naval Base,24 Dooley St,NAVAL BASE,6165,159.5,159.50,Liberty
38,Liberty Pinjarra,Cnr Pinjarra Rd & Carey St,PINJARRA,6208,159.5,159.50,Liberty
99,Vibe Henderson,Lot 104 Russel Rd,HENDERSON,6166,163.3,159.50,Vibe
29,Liberty Beckenham,63 William St,BECKENHAM,6107,159.5,159.50,Liberty
62,Vibe Bayswater,120 Beechboro Rd South,BAYSWATER,6053,160.5,159.80,Vibe
56,BP Naval Base,1351 Rockingham Rd,NAVAL BASE,6165,159.9,159.90,BP
54,7-Eleven Malaga,650 Marshall Rd,MALAGA,6090,159.9,159.90,7 Eleven
46,7-Eleven Cockburn Central,814 North Lake Rd,COCKBURN CENTRAL,6164,159.9,159.90,7 Eleven
53,7-Eleven Landsdale,8 Mullingar Way,LANDSDALE,6065,159.9,159.90,7 Eleven
60,7-Eleven Thornlie,125 Murdoch Rd,THORNLIE,6108,159.9,159.90,7 Eleven
52,BP Jindalee,2 Abello Bvd,JINDALEE,6036,159.9,159.90,BP
51,Shell High Wycombe,1100 Abernethy Rd,HIGH WYCOMBE,6057,159.9,159.90,Shell
139,EG Ampol Canning Vale,15 Sarah Cl,CANNING VALE,6155,163.9,159.90,EG Ampol
136,Ampol Foodary Byford,Lot 22 South Western Hwy,BYFORD,6122,163.9,159.90,Ampol
49,EG Ampol Greenwood,37 Canham Way,GREENWOOD,6024,159.9,159.90,EG Ampol
47,Liberty East Rockingham,115 Dixon Rd,EAST ROCKINGHAM,6168,159.9,159.90,Liberty
45,BP Canning Vale OPT,13 Bannister Rd,CANNING VALE,6155,159.9,159.90,BP
48,Glen Forrest Fuel,20 Great Eastern Hwy,GLEN FORREST,6071,159.9,159.90,Independent
44,7-Eleven Alkimos,10 Carlsbad Prom,ALKIMOS,6038,159.9,159.90,7 Eleven
63,FastFuel 24/7,54 Cumberland Rd,FORRESTFIELD,6058,160.9,160.90,FastFuel
64,Burk Bassendean,309 Guildford Rd,BASSENDEAN,6054,161.3,161.30,BURK
73,Liberty Dalyellup,9 Norton Prom,DALYELLUP,6230,161.5,161.50,Liberty
105,Caltex Naval Base,Cnr Rockingham Rd & Lee Rd,NAVAL BASE,6165,163.5,161.50,Caltex
331,NightOwl BP Mandurah,304 Pinjarra Rd,MANDURAH,6210,165.9,161.50,BP
118,Vibe Upper Swan,1447 Great Northern Hwy,UPPER SWAN,6069,163.7,161.70,Vibe
116,Vibe Spearwood,333 Rockingham Rd,SPEARWOOD,6163,163.7,161.70,Vibe
108,Vibe Bedford,168 Walter Rd West,BEDFORD,6052,163.7,161.70,Vibe
115,Vibe Piara Waters,390 Nicholson Rd,PIARA WATERS,6112,163.7,161.70,Vibe
84,Petro Fuels Bassendean,190 Railway Pde,BASSENDEAN,6054,161.8,161.80,Petro
326,EG Ampol Maddington West,207 Burslem Dr,MADDINGTON,6109,165.9,161.90,EG Ampol
150,7-Eleven Greenfields,1 Eaglemont St,GREENFIELDS,6210,163.9,161.90,7 Eleven
147,7-Eleven Forrestdale,2 Haydock St,FORRESTDALE,6112,163.9,161.90,7 Eleven
144,7-Eleven Malvern Springs,324 The Broadway,ELLENBROOK,6069,163.9,161.90,7 Eleven
141,7-Eleven Clarkson,19 Neerabup Dr,CLARKSON,6030,163.9,161.90,7 Eleven
260,Ampol Foodary Thornlie Square,316 Spencer Rd,THORNLIE,6108,164.9,161.90,Ampol
230,Ampol Foodary Mt Lawley,810 Beaufort St,MOUNT LAWLEY,6050,164.9,161.90,Ampol
125,7-Eleven Balga,102 Princess Rd,BALGA,6061,163.9,161.90,7 Eleven
121,7-Eleven Haynes,1256 Armadale Rd,ARMADALE,6112,163.9,161.90,7 Eleven
238,Shell Coles Express Osborne Park,11 Roberts St West,OSBORNE PARK,6017,164.9,161.90,Coles Express
135,Ampol Foodary Butler,11 Headingly Cr,BUTLER,6036,163.9,161.90,Ampol
249,Shell Reddy Express Scarborough,205 West Coast Hwy,SCARBOROUGH,6019,164.9,161.90,
131,7-Eleven Booragoon,492 Marmion St,BOORAGOON,6154,163.9,161.90,7 Eleven
123,7-Eleven Balcatta,174 Balcatta Rd,BALCATTA,6021,163.9,161.90,7 Eleven
129,7-Eleven Bentley,1133-1135 Albany Hwy,BENTLEY,6102,163.9,161.90,7 Eleven
335,EG Ampol Mirrabooka,53 Yirrigan Dr,MIRRABOOKA,6061,165.9,161.90,EG Ampol
255,Shell Coles Express South Perth,3 Canning Hwy,SOUTH PERTH,6151,164.9,161.90,Coles Express
174,Shell Coles Express Banksia Grove,1001 Joondalup Dr,BANKSIA GROVE,6031,164.9,161.90,Coles Express
261,Shell Coles Express Waikiki,1-9 Gnangara Dr,WAIKIKI,6169,164.9,161.90,Coles Express
175,7-Eleven Bassendean,302-318 Collier Rd,BASSENDEAN,6054,164.9,161.90,7 Eleven
180,Shell Coles Express Bentley,1128 Albany Hwy,BENTLEY,6102,164.9,161.90,Coles Express
181,Shell Coles Express Casuarina (WA),1 Johnson Rd,BERTRAM,6167,164.9,161.90,Coles Express
297,7-Eleven Brabham,3 Marvel Ent,BRABHAM,6055,165.9,161.90,7 Eleven
187,Shell Coles Express Canning Vale,280 Bannister Rd,CANNING VALE,6155,164.9,161.90,Coles Express
192,Shell Reddy Express Claremont,269 Stirling Hwy,CLAREMONT,6010,164.9,161.90,
195,Shell Coles Express Clarkson,36 Ocean Keys Bvd,CLARKSON,6030,164.9,161.90,Coles Express
229,Shell Coles Express Mosman Park,582 Stirling Hwy,MOSMAN PARK,6012,164.9,161.90,Coles Express
270,Shell Reddy Express West Perth,30 Thomas St,WEST PERTH,6005,164.9,161.90,
201,Shell Coles Express Edgewater,57 Joondalup Dr,EDGEWATER,6027,164.9,161.90,Coles Express
304,Ampol Foodary East Fremantle,176 Canning Hwy,EAST FREMANTLE,6158,165.9,161.90,Ampol
267,Shell Reddy Express Warwick,274 Erindale Rd,WARWICK,6024,164.9,161.90,
203,Shell Coles Express Ellenbrook,3 Goodwood Cres,ELLENBROOK,6069,164.9,161.90,Coles Express
205,Shell Reddy Express Fremantle,101 Hampton Rd,FREMANTLE,6160,164.9,161.90,
169,EG Ampol Warnbro,202 Warnbro Sound Ave,WARNBRO,6169,163.9,161.90,EG Ampol
265,Shell Coles Express Wanneroo Pearsall,621 Wanneroo Rd,WANNEROO,6065,164.9,161.90,Coles Express
207,Ampol Foodary Glendalough,2 Jon Sanders Dr,GLENDALOUGH,6016,164.9,161.90,Ampol
264,7-Eleven Wanneroo South,929-931 Wanneroo Rd,WANNEROO,6065,164.9,161.90,7 Eleven
168,7-Eleven Southern River,481 Balfour St,SOUTHERN RIVER,6110,163.9,161.90,7 Eleven
263,Shell Reddy Express Wangara,1 Niche Pde,WANGARA,6065,164.9,161.90,
315,7-Eleven Joondalup,8 Buick Way,JOONDALUP,6027,165.9,161.90,7 Eleven
152,7-Eleven Kelmscott,105 Champion Dr,KELMSCOTT,6111,163.9,161.90,7 Eleven
164,7-Eleven Ridgewood,35 Kilrush Turn,RIDGEWOOD,6030,163.9,161.90,7 Eleven
220,Shell Reddy Express Lakelands,49 Banksiadale Gte,LAKELANDS,6210,164.9,161.90,
443,Shell Reddy Express Upper Swan Roadhouse,1333 Great Northern Hwy,UPPER SWAN,6069,167.9,161.90,
429,Shell Reddy Express Kewdale,518 Abernethy Rd,KEWDALE,6105,167.9,161.90,
87,Ampol Foodary Malaga Drive,76 Malaga Dr,MALAGA,6090,161.9,161.90,Ampol
374,Ampol Foodary Northlands,391 Wanneroo Rd,BALCATTA,6021,166.9,161.90,Ampol
357,EG Ampol Southern River,466 Warton Rd,SOUTHERN RIVER,6110,165.9,161.90,EG Ampol
93,7-Eleven Byford South,25 Abernethy Rd,BYFORD,6122,162.9,161.90,7 Eleven
414,Ampol Foodary Bentley,91-93 Manning Rd,BENTLEY,6102,167.9,161.90,Ampol
436,Ampol Foodary Mosman Park,676 Stirling Hwy,MOSMAN PARK,6012,167.9,161.90,Ampol
438,Ampol Foodary Nedlands,7 Broadway,NEDLANDS,6009,167.9,161.90,Ampol
439,Ampol Foodary O'Connor,309 Stock Rd,O'CONNOR,6163,167.9,161.90,Ampol
360,7-Eleven Wanneroo,990 Wanneroo Rd,WANNEROO,6065,165.9,161.90,7 Eleven
88,BP Malaga,370 Victoria Rd,MALAGA,6090,161.9,161.90,BP
85,7-Eleven Dalyellup,51 Tiffany Ctr,DALYELLUP,6230,161.9,161.90,7 Eleven
448,Ampol Foodary Yangebup,289 Beeliar Dr,YANGEBUP,6164,167.9,161.90,Ampol
454,Ampol Foodary Forrestdale,63 Alex Wood Dr,FORRESTDALE,6112,168.9,161.90,Ampol
355,Ampol Foodary Secret Harbour,420 Secret Harbour Bvd,SECRET HARBOUR,6173,165.9,161.90,Ampol
393,Ampol Foodary Rivervale,111 Great Eastern Hwy,RIVERVALE,6103,166.9,161.90,Ampol
380,Ampol Foodary Joondalup,420 Joondalup Dr,JOONDALUP,6027,166.9,161.90,Ampol
234,Shell Coles Express Mount Lawley,253 Walcott St,NORTH PERTH,6006,164.9,161.90,Coles Express
319,7-Eleven Kelmscott Central,4 Church St,KELMSCOTT,6111,165.9,162.90,7 Eleven
148,7-Eleven Golden Bay,52 Thundelarra Dr,GOLDEN BAY,6174,163.9,162.90,7 Eleven
422,Ampol Foodary Erskine,112 Oakleigh Dr,ERSKINE,6210,167.9,162.90,Ampol
127,Ampol Foodary Altone Road,159 Altone Rd,BEECHBORO,6063,163.9,162.90,Ampol
97,Serpentine Falls Roadhouse,2 Falls Rd,SERPENTINE,6125,162.9,162.90,Independent
185,7-Eleven Butler,270 Butler Bvd,BUTLER,6036,164.9,162.90,7 Eleven
427,Ampol Foodary Greenfields,35 Minilya Pkwy,GREENFIELDS,6210,167.9,162.90,Ampol
295,Ampol Foodary Belmont,303 Great Eastern Hwy,BELMONT,6104,165.9,162.90,Ampol
285,Ampol Foodary Ashby,2 Hollosy Way,ASHBY,6065,165.9,162.90,Ampol
94,7-Eleven Canning Vale,215 Campbell Rd,CANNING VALE,6155,162.9,162.90,7 Eleven
95,Ampol Foodary Gelorup,39 Bussell Hwy,GELORUP,6230,162.9,162.90,Ampol
213,Ampol Foodary Cockburn Central,3 Armadale Rd,JANDAKOT,6164,164.9,162.90,Ampol
225,7-Eleven Middle Swan,40-42 Great Northern Hwy,MIDDLE SWAN,6056,164.9,162.90,7 Eleven
247,Ampol Foodary Scarborough,74 Scarborough Beach Rd,SCARBOROUGH,6019,164.9,162.90,Ampol
122,7-Eleven Ascot,194 Great Eastern Hwy,ASCOT,6104,163.9,162.90,7 Eleven
140,7-Eleven Caversham,2131 West Swan Rd,CAVERSHAM,6055,163.9,162.90,7 Eleven
403,BP Edgewater,2 The Gateway,EDGEWATER,6027,167.7,163.50,BP
103,Caltex Kwinana Truck Stop,4 Ocean St,KWINANA BEACH,6167,163.5,163.50,Caltex
110,Vibe East Bunbury,13 Picton Rd,EAST BUNBURY,6230,163.7,163.70,Vibe
112,Caltex Langford,230-234 Nicholson Rd,LANGFORD,6147,163.7,163.70,Caltex
111,Caltex Kelmscott,2907 Albany Hwy,KELMSCOTT,6111,163.7,163.70,Caltex
137,Caltex Byford,8 Kardan Bvd,BYFORD,6122,163.9,163.90,Caltex
290,7-Eleven Banksia Grove,1/300 Joseph Banks Bvd,BANKSIA GROVE,6031,165.9,163.90,7 Eleven
292,Caltex Bayswater,502 Guildford Rd,BAYSWATER,6053,165.9,163.90,Caltex
293,Caltex Bedfordale,681 Albany Hwy,BEDFORDALE,6112,165.9,163.90,Caltex
431,BP Crystal Brook (Lesmurdie),7 Welshpool Rd East,LESMURDIE,6076,167.9,163.90,BP
294,Caltex Bellevue,16-20 Clayton St,BELLEVUE,6056,165.9,163.90,Caltex
288,Caltex Baldivis,67 Ridge Bvd,BALDIVIS,6171,165.9,163.90,Caltex
332,Caltex Meadow Springs,25 Meadow Springs Dr,MEADOW SPRINGS,6210,165.9,163.90,Caltex
296,Caltex Bentley,1/1163 Albany Hwy,BENTLEY,6102,165.9,163.90,Caltex
359,Caltex Victoria Park,162-170 Albany Hwy,VICTORIA PARK,6100,165.9,163.90,Caltex
428,Ampol Foodary Kewdale,2 Fenton St,KEWDALE,6105,167.9,163.90,Ampol
329,Caltex Mandurah,105 Reserve Dr,MANDURAH,6210,165.9,163.90,Caltex
298,EG Ampol Brabham,3 Marvel Ent,BRABHAM,6055,165.9,163.90,EG Ampol
366,Caltex North Perth,311 Fitzgerald St,WEST PERTH,6005,165.9,163.90,Caltex
300,Caltex Dayton,8 Repton St,DAYTON,6055,165.9,163.90,Caltex
358,Caltex Upper Swan,1383 Great Northern Hwy,UPPER SWAN,6069,165.9,163.90,Caltex
434,OTR Como,73 Manning Rd,MANNING,6152,167.9,163.90,BP
283,Caltex Armadale,10 Orchard Ave,ARMADALE,6112,165.9,163.90,Caltex
301,Caltex Dianella,61 Walter Rd West,DIANELLA,6059,165.9,163.90,Caltex
497,Ampol Foodary Stratton,240 Toodyay Rd,STRATTON,6056,169.9,163.90,Ampol
348,OTR Perth Pier Street,17 Brisbane St,PERTH,6000,165.9,163.90,OTR
347,Ampol Foodary East Perth,157 Lord St,PERTH,6000,165.9,163.90,Ampol
341,Caltex Murdoch,170 Murdoch Dr,MURDOCH,6150,165.9,163.90,Caltex
481,BP Forrestdale,2 Alex Wood Dr,FORRESTDALE,6112,169.9,163.90,BP
210,7-Eleven Harrisdale,120 Yellowwood Ave,HARRISDALE,6112,164.9,163.90,7 Eleven
477,7-Eleven Rockingham,129 Dixon Rd,EAST ROCKINGHAM,6168,169.9,163.90,7 Eleven
472,BP Bibra Lake,2 Wellard St,BIBRA LAKE,6163,169.9,163.90,BP
471,7-Eleven Bibra Lake,35 Port Kembla Dr,BIBRA LAKE,6163,169.9,163.90,7 Eleven
340,Caltex Mundaring,7060 Great Eastern Hwy,MUNDARING,6073,165.9,163.90,Caltex
453,Ampol Foodary Dawesville,191 Bailey Bvd,DAWESVILLE,6211,168.9,163.90,Ampol
337,Caltex Mount Lawley,81 Guildford Rd,MOUNT LAWLEY,6050,165.9,163.90,Caltex
446,Ampol Foodary Yanchep,1 Morwell St,YANCHEP,6035,167.9,163.90,Ampol
282,Caltex Alexander Heights,200 Mirrabooka Ave,ALEXANDER HEIGHTS,6064,165.9,163.90,Caltex
334,Caltex Mindarie,22 Anchorage Dr,MINDARIE,6030,165.9,163.90,Caltex
333,7-Eleven Midland,8 Clayton St,MIDLAND,6056,165.9,163.90,7 Eleven
426,Ampol Foodary Gosnells North,2100 Albany Hwy,GOSNELLS,6110,167.9,163.90,Ampol
299,Caltex Como,393 Canning Hwy,COMO,6152,165.9,163.90,Caltex
416,BP Bull Creek,83 Wheatley Dr,BULL CREEK,6149,167.9,163.90,BP
392,7-Eleven Queens Park,235 Welshpool Rd,QUEENS PARK,6107,166.9,163.90,7 Eleven
124,7-Eleven Stirling,377 Wanneroo Rd,BALCATTA,6021,163.9,163.90,7 Eleven
151,Caltex Hamilton Hill South,216 Rockingham Rd,HAMILTON HILL,6163,163.9,163.90,Caltex
322,Ampol Foodary Leederville,319 Vincent St,LEEDERVILLE,6007,165.9,163.90,Ampol
132,Ampol Foodary Bunbury,1 Forrest Ave,BUNBURY,6230,163.9,163.90,Ampol
133,Caltex Burswood,265 Great Eastern Hwy,BURSWOOD,6100,163.9,163.90,Caltex
146,BP Embleton,484 Walter Rd East,EMBLETON,6062,163.9,163.90,BP
145,EG Ampol Ellenbrook,11 Main St,ELLENBROOK,6069,163.9,163.90,EG Ampol
379,7-Eleven Greenfields South,13 Lakes Rd,GREENFIELDS,6210,166.9,163.90,7 Eleven
323,Caltex Lesmurdie,194 Canning Rd,LESMURDIE,6076,165.9,163.90,Caltex
324,Caltex Lynwood,2 Lynwood Ave,LYNWOOD,6147,165.9,163.90,Caltex
134,7-Eleven Busselton,81-93 West St,BUSSELTON,6280,163.9,163.90,7 Eleven
365,Caltex Welshpool,23 Kewdale Rd,WELSHPOOL,6106,165.9,163.90,Caltex
368,OTR Yangebup,71 Shallcross St,YANGEBUP,6164,165.9,163.90,Caltex
367,Caltex Wooroloo,3381 Great Eastern Hwy,WUNDOWIE,6558,165.9,163.90,Caltex
153,Caltex Parmelia,60 Meares Ave,KWINANA TOWN CENTRE,6167,163.9,163.90,Caltex
154,Caltex Madeley,182 Wanneroo Rd,MADELEY,6065,163.9,163.90,Caltex
159,7-Eleven Midvale,231 Morrison Rd,MIDVALE,6056,163.9,163.90,7 Eleven
156,Caltex Malaga,1896 Beach Rd,MALAGA,6090,163.9,163.90,Caltex
307,Caltex Forrestdale,4 Remisko Dr,FORRESTDALE,6112,165.9,163.90,Caltex
308,BP Forrestfield,155 Hale Rd,FORRESTFIELD,6058,165.9,163.90,BP
170,Ampol Welshpool Diesel Stop,119 Kurnall Rd,WELSHPOOL,6106,163.9,163.90,Ampol
328,7-Eleven Mandurah,296 Pinjarra Rd,MANDURAH,6210,165.9,163.90,7 Eleven
412,7-Eleven Baldivis,370 Baldivis Rd,BALDIVIS,6171,167.9,163.90,7 Eleven
362,Caltex Warnbro,649-651 Safety Bay Rd,WARNBRO,6169,165.9,163.90,Caltex
130,Ampol Bibra Lake Diesel Stop,5 Cocos Dr,BIBRA LAKE,6163,163.9,163.90,Ampol
165,7-Eleven Rockingham Central,2 Sepia Ct,ROCKINGHAM,6168,163.9,163.90,7 Eleven
155,Ampol Foodary Malaga,1 Capital Rd,MALAGA,6090,163.9,163.90,Ampol
163,Caltex Pearsall,204 Shiraz Bvd,PEARSALL,6065,163.9,163.90,Caltex
364,Caltex Wattle Grove,604 Welshpool Rd East,WATTLE GROVE,6107,165.9,163.90,Caltex
161,7-Eleven Morley,162 Russell St,MORLEY,6062,163.9,163.90,7 Eleven
160,Caltex Midvale,232-234 Morrison Rd,MIDVALE,6056,163.9,163.90,Caltex
354,S24 Sawyers Valley,96 Great Eastern Hwy,SAWYERS VALLEY,6074,165.9,163.90,Caltex
158,Caltex Merriwa,5/4 Hughie Edwards Dr,MERRIWA,6030,163.9,163.90,Caltex
320,Caltex Kiara,157 Morley Dr,KIARA,6054,165.9,163.90,Caltex
162,Caltex Munster,512 Rockingham Rd,MUNSTER,6166,163.9,163.90,Caltex
246,BP Connect Rockingham Park,2 Chalgrove Ave,ROCKINGHAM,6168,164.9,164.90,BP
241,BP Highgate,342 Beaufort St,PERTH,6000,164.9,164.90,BP
251,BP Singleton,2514 Mandurah Rd,SINGLETON,6175,164.9,164.90,BP
244,BP Connect Merriwa,2 Ridgewood Bvd,RIDGEWOOD,6030,164.9,164.90,BP
239,BP Connect Padbury,2 Warburton Ave,PADBURY,6025,164.9,164.90,BP
248,BP Connect West Coast,11 Scarborough Beach Rd,SCARBOROUGH,6019,164.9,164.90,BP
242,BP Piara Waters,12 Erade Dr,PIARA WATERS,6112,164.9,164.90,BP
243,Astron Quinns Rocks,121 Quinns Rd,QUINNS ROCKS,6030,164.9,164.90,Astron
352,OTR Roleystone,770 Brookton Hwy,ROLEYSTONE,6111,165.9,164.90,Caltex
254,BP Connect South Perth,9 Mends St,SOUTH PERTH,6151,164.9,164.90,BP
257,BP Connect Phoenix,222 Rockingham Rd,SPEARWOOD,6163,164.9,164.90,BP
258,BP Connect Thomsons Lake,810 Beeliar Dr,SUCCESS,6164,164.9,164.90,BP
259,BP The Lakes Roadhouse,13724 Great Eastern Hwy,THE LAKES,6556,164.9,164.90,BP
266,BP Connect Palm Springs,214 Warnbro Sound Ave,WARNBRO,6169,164.9,164.90,BP
268,BP Connect Wembley,240 Cambridge St,WEMBLEY,6014,164.9,164.90,BP
272,BP 2go Woodvale,941 Whitfords Ave,WOODVALE,6026,164.9,164.90,BP
275,7-Eleven Kardinya,1 South St,KARDINYA,6163,165.5,164.90,7 Eleven
325,7-Eleven Maddington South,1969 Albany Hwy,MADDINGTON,6109,165.9,164.90,7 Eleven
350,BP Redcliffe,419 Great Eastern Hwy,REDCLIFFE,6104,165.9,164.90,BP
382,Karnup Roadhouse,2263 Mandurah Rd,KARNUP,6176,166.9,164.90,BP
483,Ampol Foodary Gosnells,158 Corfield St,GOSNELLS,6110,169.9,164.90,Ampol
486,Ampol Foodary Karrinyup,490 Karrinyup Rd,GWELUP,6018,169.9,164.90,Ampol
253,BP South Fremantle,229B Hampton Rd,SOUTH FREMANTLE,6162,164.9,164.90,BP
237,BP Connect Main Street,218 Main St,OSBORNE PARK,6017,164.9,164.90,BP
252,BP Sorrento,128 West Coast Dr,SORRENTO,6020,164.9,164.90,BP
191,BP Connect Carlisle,44 Archer St,CARLISLE,6101,164.9,164.90,BP
202,BP Ellenbrook,180 The Promenade,ELLENBROOK,6069,164.9,164.90,BP
200,BP Connect East Perth,68-70 Brown St,EAST PERTH,6004,164.9,164.90,BP
211,BP Huntingdale,68 Warton Rd,HUNTINGDALE,6110,164.9,164.90,BP
212,BP Nookenburra,386 Scarborough Beach Rd,INNALOO,6018,164.9,164.90,BP
197,BP Connect Currambine,2 Sunlander Dr,CURRAMBINE,6028,164.9,164.90,BP
217,BP Kewdale,549 Abernethy Rd,KEWDALE,6105,164.9,164.90,BP
218,BP Welshpool,1 Ballantyne Rd,KEWDALE,6105,164.9,164.90,BP
194,BP Clarkson,28K Caloundra Rd,CLARKSON,6030,164.9,164.90,BP
208,BP Halls Head,2 Guava Way,HALLS HEAD,6210,164.9,164.90,BP
190,7-Eleven Carlisle,232 Orrong Rd,CARLISLE,6101,164.9,164.90,7 Eleven
204,BP Westgate,85 Queen Victoria St,FREMANTLE,6160,164.9,164.90,BP
188,Ampol Foodary Cannington,1346 Albany Hwy,CANNINGTON,6107,164.9,164.90,Ampol
224,BP 2go Silver Sands,183-187 Mandurah Tce,MANDURAH,6210,164.9,164.90,BP
227,BP 2go Morrison Road,226 Morrison Rd,MIDVALE,6056,164.9,164.90,BP
173,BP Connect Ascot (WA),210 Great Eastern Hwy,ASCOT,6104,164.9,164.90,BP
233,BP 2go Noranda,40 Benara Rd,NORANDA,6062,164.9,164.90,BP
189,BP 2go Cannington,1443 Albany Hwy,CANNINGTON,6107,164.9,164.90,BP
274,Burk West Swan,6639 West Swan Rd,WEST SWAN,6055,165.3,165.30,BURK
273,Burk Camillo,Cnr Westfield Rd & Ypres Rd,CAMILLO,6111,165.3,165.30,BURK
280,Petro Fuels Karragullen,1287 Brookton Hwy,KARRAGULLEN,6111,165.8,165.80,Petro
445,7-Eleven Yanchep,2 Tamala Lane,YANCHEP,6035,167.9,165.90,7 Eleven
432,Caltex Maddington Truck Stop,18 Orchard Rd,MADDINGTON,6109,167.9,165.90,Caltex
303,7-Eleven Bunbury East,8D Picton Rd,EAST BUNBURY,6230,165.9,165.90,7 Eleven
310,7-Eleven Gosnells,303 Corfield St,GOSNELLS,6110,165.9,165.90,7 Eleven
388,Ampol Foodary Murdoch,10 Robson Way,MURDOCH,6150,166.9,165.90,Ampol
378,Ampol Foodary North Yunderup,868 Pinjarra Rd,FURNISSDALE,6209,166.9,165.90,Ampol
363,7-Eleven Wattle Grove,332 Hale Rd,WATTLE GROVE,6107,165.9,165.90,7 Eleven
339,United Albany Central,309 Albany Hwy,MOUNT MELVILLE,6330,165.9,165.90,United
375,Ampol Foodary Baldivis,614 Baldivis Rd,BALDIVIS,6171,166.9,166.90,Ampol
385,BP Maida Vale,269 Kalamunda Rd,MAIDA VALE,6057,166.9,166.90,BP
377,BP Baldivis Southbound Travel Centre,Lot 192 Leary Rd,BALDIVIS,6171,166.9,166.90,BP
389,BP Rosegarden,129 Stirling Hwy,NEDLANDS,6009,166.9,166.90,BP
376,BP Baldivis Northbound Travel Centre,Lot 191 Paparone Rd,BALDIVIS,6171,166.9,166.90,BP
390,BP Connect North Perth,349 Charles St,NORTH PERTH,6006,166.9,166.90,BP
384,BP Connect Kwinana Hub,4 Chisham Ave,KWINANA TOWN CENTRE,6167,166.9,166.90,BP
381,BP Kardinya,88 Gilbertson Rd,KARDINYA,6163,166.9,166.90,BP
373,BP Applecross,848 Canning Hwy,APPLECROSS,6153,166.9,166.90,BP
395,BP Kenwick,48 Courtney Pl,WATTLE GROVE,6107,166.9,166.90,BP
398,BP 2go Collins Road,121 Collins Rd,WILLETTON,6155,166.9,166.90,BP
391,BP Connect Beaumauris,2 Prendiville Ave,OCEAN REEF,6027,166.9,166.90,BP
400,Liberty Dongara,30215 Brand Hwy,DONGARA,6525,167.5,167.50,Liberty
404,Caltex Westfield Street,134 Westfield St,MADDINGTON,6109,167.7,167.70,Caltex
407,Liberty McKail,557 Albany Hwy,MCKAIL,6330,167.8,167.80,Liberty
498,7-Eleven Success,660 Beeliar Dr,SUCCESS,6164,169.9,167.90,7 Eleven
421,7-Eleven Eaton,15 Albatross Cres,EATON,6232,167.9,167.90,7 Eleven
425,Shell Reddy Express Bunbury Gateway,9805 Forrest Hwy,GLEN IRIS,6230,167.9,167.90,
444,Shell Reddy Express Bunbury Outbound,9850 Forrest Hwy,VITTORIA,6230,167.9,167.90,
449,Phoenix Barlee St,31 Barlee St,BUSSELTON,6280,168.0,168.00,Independent
554,Vibe Bullsbrook,2533 Great Northern Hwy,BULLSBROOK,6084,174.9,168.90,Vibe
455,BP Picton Wetherley Dr,24 Wetherly Dr,PICTON,6229,168.9,168.90,BP
457,Geographe Petroleum,84 Strelly St,BUSSELTON,6280,169.5,169.50,Liberty
464,Maisey Fuels Rudds Gully,512 Rudds Gully Rd,NARNGULU,6532,169.8,169.80,Independent
466,Maisey Fuels Flores Road,83 Flores Rd,WEBBERTON,6530,169.8,169.80,Independent
463,Petro Fuels Baldivis,2/909 Mandurah Rd,BALDIVIS,6171,169.8,169.80,Petro
474,Caltex Bunbury South,1 Brittain Rd,CAREY PARK,6230,169.9,169.90,Caltex
503,7-Eleven Withers,1 Island Queen St,WITHERS,6230,169.9,169.90,7 Eleven
468,BP Balcatta,53 Erindale Rd,BALCATTA,6021,169.9,169.90,BP
467,BP 2go Australind,80 Old Coast Rd,AUSTRALIND,6233,169.9,169.90,BP
476,BP Beeliar,701 Beeliar Dr,COCKBURN CENTRAL,6164,169.9,169.90,BP
470,BP Beldon,261 Eddystone Ave,BELDON,6027,169.9,169.90,BP
479,Ampol Foodary Eaton,1 Pratt Rd,EATON,6232,169.9,169.90,Ampol
489,Caltex High Wycombe OPT,494 Kalamunda Rd,HIGH WYCOMBE,6057,169.9,169.90,Caltex
502,Burk Williams,24 Albany Hwy,WILLIAMS,6391,169.9,169.90,BURK
494,Condello's Liquor Waterloo,14755 South Western Hwy,PICTON EAST,6229,169.9,169.90,Pheonix
500,BP Wonthella Service Station,190 North West Coastal Hwy,WEBBERTON,6530,169.9,169.90,BP
488,BP Henley Brook,1520 Gnangara Rd,HENLEY BROOK,6055,169.9,169.90,BP
492,BP Mindarie,360 Anchorage Dr North,MINDARIE,6030,169.9,169.90,BP
487,Caltex Henderson OPT,81 Quill Way,HENDERSON,6166,169.9,169.90,Caltex
504,Smart Mart Pure Convenience - Flores Rd,280 Fourth St,WONTHELLA,6530,169.9,169.90,BP
509,Fruit Barn,7 South Western Hwy,DONNYBROOK,6239,170.9,170.90,Liberty
507,BP Allway,35 Albany Hwy,ALBANY,6330,170.9,170.90,BP
510,7-Eleven Treendale,147-149 Grand Ent,AUSTRALIND,6233,171.5,171.50,7 Eleven
513,One Stop Roadhouse Donnybrook,51 South Western Hwy,DONNYBROOK,6239,171.7,171.70,Independent
519,Ampol Rous Head,Cnr North Mole Dr & Rous Head Rd,NORTH FREMANTLE,6159,171.9,171.90,Ampol
515,United Denmark,45 South Coast Hwy,DENMARK,6333,171.9,171.90,United
521,Chidlow Growers Mart Liquor Store,570 Rosedale Rd,CHIDLOW,6556,172.0,172.00,Independent
522,United Kellerberrin,150 Massingham St,KELLERBERRIN,6410,172.5,172.50,United
527,Geographe Petroleum Margaret River,12 Auger Way,MARGARET RIVER,6285,172.9,172.90,Liberty
529,Ampol Meckering Roadhouse,31 Dreyer St,MECKERING,6405,172.9,172.90,Ampol
530,Mt Barker Fuel Services,48 Lowood Rd,MOUNT BARKER,6324,172.9,172.90,Independent
533,BP Northam OPT,78 Old York Rd,NORTHAM,6401,172.9,172.90,BP
536,BP Williams Roadhouse,16 Albany Hwy,WILLIAMS,6391,172.9,172.90,BP
537,Ampol Albany Diesel Stop,634 Menang Dr,WILLYUNG,6330,172.9,172.90,Ampol
550,Ampol Foodary Forrest Highway North,Lot 602 Forrest Hwy,WEST PINJARRA,6208,173.9,173.90,Ampol
551,Ampol Foodary Forrest Highway South,Lot 601 Forrest Hwy,WEST PINJARRA,6208,173.9,173.90,Ampol
542,Caltex Busselton,99 Causeway Rd,BUSSELTON,6280,173.9,173.90,Caltex
539,Boyanup Fuel,8B South Western Hwy,BOYANUP,6237,173.9,173.90,WA Fuel
541,Ampol Foodary Busselton,115 Strelly St,BUSSELTON,6280,173.9,173.90,Ampol
544,BP Donnybrook,15 South Western Hwy,DONNYBROOK,6239,173.9,173.90,BP
545,Caltex Myalup,6043 Forrest Hwy,MYALUP,6220,173.9,173.90,Caltex
548,De Rosa's Highway Motors,8222 South Western Hwy,WAROONA,6215,173.9,173.90,Independent
549,Eagle West Kalgoorlie Truckstop,2 Brinsden Rd,WEST KALGOORLIE,6430,173.9,173.90,Eagle
538,Caltex Binningup,7080 Forrest Hwy,BINNINGUP,6233,173.9,173.90,Caltex
558,Ampol Foodary Williams,56 Albany Hwy,WILLIAMS,6391,174.9,174.90,Ampol
557,BP Spencer Park Service Station,30 Angove Rd,SPENCER PARK,6330,174.9,174.90,BP
555,BP Cunderdin Roadhouse,Lot 6 Great Eastern Hwy,CUNDERDIN,6407,174.9,174.90,BP
559,Ampol Foodary North Road,204 North Rd,YAKAMIA,6330,174.9,174.90,Ampol
561,Dardanup Garage & Service Station,11 Charlotte St,DARDANUP,6236,175.0,175.00,Independent
562,Route 94 Bakers Hill,4641 Great Eastern Hwy,BAKERS HILL,6562,175.3,175.30,United
564,United Manjimup,1 Rose St,MANJIMUP,6258,175.7,175.70,United
563,Greenbushes Roadhouse,28 Blackwood Rd,GREENBUSHES,6254,175.7,175.70,Pheonix
565,Petro Fuels Mount Barker,25 Mitchell Rd,MOUNT BARKER,6324,175.8,175.80,BP
578,53 Mile Roadhouse,31 South Western Hwy,PINJARRA,6208,175.9,175.90,United
576,Ampol Foodary Karratha,Lot 3861 Bathgate Rd,NICKOL,6714,175.9,175.90,Ampol
575,Dunning's Newman,21 Willis St,NEWMAN,6753,175.9,175.90,Shell
574,Dunning's Karratha,Lot 1437 Warambie Road,KARRATHA,6714,175.9,175.90,
573,BP Karratha Service Station,30 Balmoral Rd,KARRATHA,6714,175.9,175.90,BP
566,Balingup Liquor & General Store,12 Bridgetown Rd,BALINGUP,6253,175.9,175.90,Independent
577,Dunning's Northam,38 Peel Tce,NORTHAM,6401,175.9,175.90,Shell
579,Windmill Roadhouse,1 Darch St,REGANS FORD,6507,175.9,175.90,Liberty
569,7-Eleven Dunsborough,100 Commonage Rd,DUNSBOROUGH,6281,175.9,175.90,7 Eleven
568,BP Denmark,44A South Coast Hwy,DENMARK,6333,175.9,175.90,BP
580,Petro Fuels Cataby,10513 Brand Hwy,CATABY,6507,176.8,176.80,Ampol
583,Refuel Australia - Geraldton Willcock Drive,Cnr John Willcock Link & Portway,WEST END,6530,176.8,176.80,Ampol
582,Refuel Australia - Geraldton Flores Road,120 Flores Rd,WEBBERTON,6530,176.8,176.80,Ampol
581,Refuel Australia - Sunset Geraldton,620 Chapman Rd,GLENFIELD,6532,176.8,176.80,Ampol
592,BP Narrogin,37 Federal St,NARROGIN,6312,176.9,176.90,BP
585,BP Roadhouse Dongara,30373 Brand Hwy,DONGARA,6525,176.9,176.90,BP
589,BP Moora Depot,153 Gardiner St,MOORA,6510,176.9,176.90,BP
586,BP Karratha West,Lot 9 Resource Rd,GAP RIDGE,6714,176.9,176.90,BP
593,BP Jurien Bay,110 Bashford St,JURIEN BAY,6516,177.0,177.00,BP
595,Walpole IGA Pioneer Store,10 Nockolds St,WALPOLE,6398,177.0,177.00,Ampol
597,Refuel Australia - Dalwallinu,2 Clinch Rd,DALWALLINU,6609,177.8,177.80,Ampol
600,Ampol Bridgetown Diesel Stop,1 Spencer St,BRIDGETOWN,6255,177.9,177.90,Ampol
599,United Boulder Kalgoorlie,26 Davis St,BOULDER,6432,177.9,177.90,United
606,Dunning's Manjimup,5 Margerison St,MANJIMUP,6258,178.9,178.90,
607,Northcliffe Newsagent & General Store,17 Zamia St,NORTHCLIFFE,6262,178.9,178.90,Independent
608,BP Kalgoorlie-Boulder Truckstop,248 Celebration Rd,YILKARI,6430,178.9,178.90,BP
617,BP Manjimup,96 Giblett St,MANJIMUP,6258,179.9,179.90,BP
610,BP Baskerville,1084 Great Northern Hwy,BASKERVILLE,6056,179.9,179.90,BP
618,Caltex Tammin,15323 Great Eastern Hwy,TAMMIN,6409,179.9,179.90,Caltex
619,Caltex Tarcoola,156 Brand Hwy,TARCOOLA BEACH,6530,179.9,179.90,Caltex
614,Caltex Glenfield,1182 Chapman Rd,GLENFIELD,6532,179.9,179.90,Caltex
613,Caltex Dalwallinu,4 Johnston St,DALWALLINU,6609,179.9,179.90,Caltex
623,S-Bend Caravan Park,27 Company Rd,SOUTH GREENOUGH,6528,180.0,180.00,Liberty
621,FDWA Cunderdin,67 Lundy Ave,CUNDERDIN,6407,180.0,180.00,Independent
624,BP Newman South,101 Great Northern Hwy,NEWMAN,6753,180.9,180.90,BP
635,BP Pemberton Garage & Service Station,84 Brockman St,PEMBERTON,6260,181.9,181.90,BP
626,Caltex Chadwick OPT,Lot 6 Beckwith Rd,CHADWICK,6450,181.9,181.90,Caltex
631,Dunning's Thompsons Garage,127 Giblett St,MANJIMUP,6258,181.9,181.90,Shell
629,BP Golden Gate,438 Hannan St,KALGOORLIE,6430,181.9,181.90,BP
627,Ampol Foodary Esperance,59 Dempster St,ESPERANCE,6450,181.9,181.90,Ampol
636,Manypeaks Store,43738 South Coast Hwy,MANYPEAKS,6328,182.0,182.00,BP
638,Young Siding General Store,19 Station St,YOUNGS SIDING,6330,182.3,182.30,BP
643,CGL Fuel,3 Bandicoot Dr,KUNUNURRA,6743,182.9,182.90,CGL Fuel
644,Puma Kununurra Depot,2257 Victoria Hwy,KUNUNURRA,6743,182.9,182.90,Puma
645,Ampol Foodary Kalgoorlie South,146 Boulder Rd,SOUTH KALGOORLIE,6430,182.9,182.90,Ampol
640,Dwellingup BP,48 McLarty St,DWELLINGUP,6213,182.9,182.90,BP
647,Harbour Rd Truckstop,213 Harbour Rd,CHADWICK,6450,183.9,183.90,BP
650,Shell Reddy Express Karratha,13 Searipple Rd,KARRATHA,6714,183.9,183.90,
646,Castletown Service Station,57 Goldfields Rd,CASTLETOWN,6450,183.9,183.90,BP
654,Ampol Foodary Kalgoorlie,581 Hannan St,SOMERVILLE,6430,183.9,183.90,Ampol
652,Ampol Foodary Newman,Lot 1328 Newman Dr,NEWMAN,6753,183.9,183.90,Ampol
657,Crudeli's Auto Repairs,24 Maitland Rd,MULLEWA,6630,184.9,184.90,BP
658,Mundijong Store & Deli,20 Paterson St,MUNDIJONG,6123,185.0,185.00,Independent
659,S24 Kununurra,5 Messmate Way,KUNUNURRA,6743,185.9,185.90,Caltex
660,Cheynes Beach Caravan Park,12 Bald Island Rd,CHEYNES,6328,187.9,187.90,Independent
661,Ampol Foodary South Hedland,67 Hamilton Rd,SOUTH HEDLAND,6722,187.9,187.90,Ampol
664,Refuel Australia - DMW Supplies,39 Moreton Tce,DONGARA,6525,188.8,188.80,Ampol
665,Jurien Bay Service Station & Roadhouse,22 Bashford St,JURIEN BAY,6516,188.9,188.90,Ampol
666,Yarrumba Service Station,21 Jose St,MULLEWA,6630,189.4,189.40,Liberty
668,Refuel Australia - Port Hedland,Lot 3 Great Northern Hwy,PORT HEDLAND,6721,189.8,189.80,Ampol
669,Ampol Wedgefield Diesel Stop,12-14 Cajarina Rd,WEDGEFIELD,6721,189.9,189.90,Ampol
671,Ampol Foodary Coolgardie,110-114 Bayley St,COOLGARDIE,6429,191.9,191.90,Ampol
672,Caltex South Hedland,1 Altitude Ave,PORT HEDLAND,6721,193.9,193.90,Caltex
676,Ampol Foodary Carnarvon,595 Robinson St,KINGSFORD,6701,195.9,195.90,Ampol
674,BP Carnarvon,1134 North West Coastal Hwy,BROWN RANGE,6701,195.9,195.90,BP
678,Dunning's KCD Fuels,520 Robinson St,KINGSFORD,6701,197.9,197.90,
682,BP Norseman,Lot 2 Eyre Hwy,NORSEMAN,6443,203.5,203.50,BP
683,Ampol Foodary Norseman,1 Princep St,NORSEMAN,6443,203.9,203.90,Ampol
685,GSG WA Pty Ltd,111 Morgans St,RAVENSTHORPE,6346,205.9,205.90,Shell
684,BP Ravensthorpe,47 Morgans St,RAVENSTHORPE,6346,205.9,205.90,BP
686,BP Wubin,80-82 Great Northern Hwy,WUBIN,6612,208.8,208.80,BP
687,Ningaloo Reef Fuels,6 Pelias St,EXMOUTH,6707,212.9,212.90,Independent
688,Exmouth Fuel Supplies,2 Huston St,EXMOUTH,6707,219.8,219.80,Independent
690,BP Munglinup,16 Tubada St,MUNGLINUP,6450,220.0,220.00,BP
691,Ampol Foodary Broome,50 Mavis Rd,BILINGURR,6725,221.9,221.90,Ampol
695,Meekatharra Corner Store,16 Main St,MEEKATHARRA,6642,227.9,227.90,BP
698,BP Shinju Broome,101 Guy St,BROOME,6725,229.9,229.90,BP
700,BP Broome Central Service Centre,2 Coghlan St,DJUGUN,6725,229.9,229.90,BP
701,Fitzroy River Lodge,Lot 277 Great Northern Hwy,FITZROY CROSSING,6765,239.0,239.00,Independent
702,Derby Fuels,46 Clarendon St,DERBY,6728,239.5,239.50,Shell
703,BP Colac,138 Loch St,DERBY,6728,239.9,239.90,BP
526,EG Ampol Brooks Garden,162 Chester Pass Rd,LANGE,6330,172.9,true},EG Ampol
696,Shell Reddy Express Meekatharra Roadhouse,Lot 821 Main St,MEEKATHARRA,6642,227.9,true},
609,Gull York Roadhouse,63 Avon Tce,YORK,6302,179.7,true},Gull
598,BP Augusta,64 Blackwood Ave,AUGUSTA,6290,177.9,true},BP
612,Shell Reddy Express Collie,57 Johnston St,COLLIE,6225,179.9,true},
506,Vibe Donnybrook,45 South Western Hwy,DONNYBROOK,6239,170.7,true},Vibe
524,Vibe Witchcliffe,10428 Bussell Hwy,WITCHCLIFFE,6286,172.5,true},Vibe
512,Vibe Treendale,157 Grand Ent,AUSTRALIND,6233,171.5,true},Vibe
525,BP Cowaramup,1 Roy Earl Dr,COWARAMUP,6284,172.9,true},BP
523,Better Choice Margaret River,211 Bussell Hwy,MARGARET RIVER,6285,172.5,true},Better Choice
601,Karridale Crossroads General Store,12425 Bussell Hwy,KARRIDALE,6288,177.9,true},Independent
517,S24 Harvey,77 Uduc Rd,HARVEY,6220,171.9,true},Caltex
602,Ampol Kalgoorlie Diesel Stop,2 Cunningham Rd,WEST KALGOORLIE,6430,177.9,true},Ampol
615,Metro Jurien Bay,74 Bashford St,JURIEN BAY,6516,179.9,true},Metro
622,Moonyoonooka Store,753 Geraldton-Mt Magnet Rd,MOONYOONOOKA,6532,180.0,true},Ampol
518,Shell Coles Express Tarcoola,2 Fortyn Ct,MAHOMETS FLATS,6530,171.9,true},Coles Express
605,Shell Reddy Express Boulder,35 Frank St,BOULDER,6432,178.9,true},
516,EG Ampol Geraldton,59 Cathedral Ave,GERALDTON,6530,171.9,true},EG Ampol
697,Meekatharra Caravan Park,119 Main St,MEEKATHARRA,6642,228.9,true},Independent
616,BP Kambalda,Lot 35 Goldfields Hwy,KAMBALDA EAST,6442,179.9,true},BP
520,Shell Coles Express Wonthella,115 North West Coastal Hwy,WONTHELLA,6530,171.9,true},Coles Express
604,Petro Fuels Denmark,69 South Coast Hwy,DENMARK,6333,178.8,true},Shell
528,Shell Coles Express Margaret River,78 Bussell Hwy,MARGARET RIVER,6285,172.9,true},Coles Express
514,Vibe Harvey,46 South Western Hwy,HARVEY,6220,171.7,true},Vibe
508,BP Busselton,26 Albert St,BUSSELTON,6280,170.9,true},BP
625,Caltex Castletown,49 Norseman Rd,CASTLETOWN,6450,181.9,true},Caltex
603,Gull Collie,143 Throssell St,COLLIE,6225,178.7,true},Gull
699,Shell Reddy Express Broome,19 Napier Tce,BROOME,6725,229.9,true},
511,EG Ampol Australind,Cnr Grand Ent & The Promenade,AUSTRALIND,6233,171.5,true},EG Ampol
620,BP Walpole,18 Nockolds St,WALPOLE,6398,179.9,true},BP
655,United Swanbourne,2 Servetus St,SWANBOURNE,6010,183.9,true},United
596,Vibe Bridgetown,169 Hampton St,BRIDGETOWN,6255,177.7,true},Vibe
639,Ampol Collie,124 Throssell St,COLLIE,6225,182.9,true},Ampol
584,Binningup General Store,21 Coronation Dr,BINNINGUP,6233,176.9,true},Independent
556,Caltex Mt Melville,317 Albany Hwy,MOUNT MELVILLE,6330,174.9,true},Caltex
641,Herne Hill General Store,777 Great Northern Hwy,HERNE HILL,6056,182.9,true},Puma
677,Shell Reddy Express Karratha Travel & Truck,6 Madigan Rd,STOVE HILL,6714,195.9,true},
642,Hillview Roadhouse and Motel,47 Albany Hwy,KOJONUP,6395,182.9,true},Shell
560,Shell Bullsbrook,2539 Great Northern Hwy,BULLSBROOK,6084,175.0,true},Shell
675,EG Ampol Carnarvon,90 Robinson St,CARNARVON,6701,195.9,true},EG Ampol
648,Shell Reddy Express Dampier,47 Church Rd,DAMPIER,6713,183.9,true},
673,Shell Reddy Express South Hedland Roadhouse,Lot 5553 Great Northern Hwy,WEDGEFIELD,6721,193.9,true},
553,Little Grove General Store,639 Frenchmans Bay Rd,LITTLE GROVE,6330,174.8,true},Shell
649,Caltex Kalgoorlie,77 Egan St,KALGOORLIE,6430,183.9,true},Caltex
653,Caltex Piccadilly,7 Maritana St,PICCADILLY,6430,183.9,true},Caltex
670,BP Port Hedland,90 Anderson St,PORT HEDLAND,6721,190.0,true},BP
667,Vibe Coolgardie,1 Bayley St,COOLGARDIE,6429,189.7,true},Vibe
663,Cape Agencies,20 Windsor Rd,WELLSTEAD,6328,188.0,true},Ampol
662,BP South Hedland,2 Throssell Rd,SOUTH HEDLAND,6722,187.9,true},BP
567,Colroy Country Kitchen,93 Capel Dr,CAPEL,6271,175.9,true},Ampol
570,BP Dunsborough,238 Naturaliste Tce,DUNSBOROUGH,6281,175.9,true},BP
571,Shell Coles Express Dunsborough,64 Dunn Bay Rd,DUNSBOROUGH,6281,175.9,true},Coles Express
572,Geographe IGA,328 Marine Tce,GEOGRAPHE,6280,175.9,true},Liberty
656,Elleker General Store,1309 Lower Denmark Rd,ELLEKER,6330,184.6,true},Puma
651,Shell Reddy Express Kununurra Roadhouse,17 Poinciana St,KUNUNURRA,6743,183.9,true},
552,Better Choice Karridale Roadhouse,12440 Bussell Hwy,KARRIDALE,6288,174.5,true},Better Choice
587,Hills Emporio,1615 Canning Rd,KARRAGULLEN,6111,176.9,true},Independent
588,Shell Lower King Liquor & General,629 Lower King Rd,LOWER KING,6330,176.9,true},Shell
694,EG Ampol Djugun,106 Frederick St,DJUGUN,6725,227.9,true},EG Ampol
531,Shell Narrogin,44 Egerton St,NARROGIN,6312,172.9,true},Shell
693,Dunning's Broome,7 Clementson St,BROOME,6725,225.9,true},Shell
594,Bakers Food and Fuel,46458 South Coast Hwy,KING RIVER,6330,177.0,true},Liberty
692,United Broome,49 Reid Rd,CABLE BEACH,6726,224.5,true},United
532,Del Park Roadhouse,4267 South Western Hwy,NORTH DANDALUP,6207,172.9,true},Ampol
534,Shell Reddy Express Albany Orana,342 Albany Hwy,ORANA,6330,172.9,true},
535,Caltex Lakes Road Nambeelup,6 Dollyup Street,STAKE HILL,6181,172.9,true},Caltex
689,Ampol Foodary Exmouth,77 Maidstone Cr,EXMOUTH,6707,219.9,true},Ampol
630,Kambalda Roadhouse,2 Bluebush Rd,KAMBALDA WEST,6442,181.9,true},Liberty
632,EG Ampol Manjimup,89 Mottram St,MANJIMUP,6258,181.9,true},EG Ampol
633,Puma Manjimup Roadhouse,1182 South Western Hwy,MANJIMUP,6258,181.9,true},Puma
634,Smart Mart Newman,Lot 1 Newman Dr,NEWMAN,6753,181.9,true},Shell
540,GD's Brunswick Roadhouse,94 Ommaney Rd,BRUNSWICK,6224,173.9,true},Ampol
543,Shell Reddy Express Busselton,88 Causeway Rd,BUSSELTON,6280,173.9,true},
591,Ampol Narrogin,12 Clayton Rd,NARROGIN,6312,176.9,true},Ampol
681,Shell Reddy Express Port Hedland,Lot 2065 Wilson St,PORT HEDLAND,6721,199.9,true},
590,Caltex Moora,65 Roberts St,MOORA,6510,176.9,true},Caltex
680,BP Port Hedland Boulevard,150 Anderson St,PORT HEDLAND,6721,199.9,true},BP
546,Liberty Karratha,2 Cockatoo St,NICKOL,6714,173.9,true},Liberty
679,Gracie's General,2 Bayview Dr,GRACETOWN,6284,199.0,true},Independent
547,Caltex Stratham,1540 Bussell Hwy,STRATHAM,6237,173.9,true},Caltex
637,Darnell's General Store,1230 Rosa Brook Rd,ROSA BROOK,6285,182.0,true},Independent
628,Shell Reddy Express Esperance,25 Andrew St,ESPERANCE,6450,181.9,true},
611,BP Roadhouse Bridgetown,43 Hampton St,BRIDGETOWN,6255,179.9,true},BP
0,Costco Casuarina,137 Market St,CASUARINA,6167,152.7,true},Costco
501,Liberty West Busselton,259 Bussell Hwy,WEST BUSSELTON,6280,169.9,true},Liberty
179,NightOwl Shell Bellevue,49 Great Eastern Hwy,BELLEVUE,6056,164.9,true},Shell
178,BP 2go Bellevue,59 Great Eastern Hwy,BELLEVUE,6056,164.9,true},BP
177,Shell Coles Express Beeliar,8 Durnin Ave,BEELIAR,6164,164.9,true},Coles Express
176,Shell Coles Express Bayswater,34 Jackson St,BAYSWATER,6053,164.9,true},Coles Express
172,Shell Coles Express Brookdale,1256 Armadale Rd,ARMADALE,6112,164.9,true},Coles Express
171,Ampol Foodary Melville,585 Canning Hwy,ALFRED COVE,6154,164.9,true},Ampol
167,Shell Reddy Express Bunbury,70 Forrest Ave,SOUTH BUNBURY,6230,163.9,true},
166,Atlas Fuel Sawyers Valley,10895 Great Eastern Hwy,SAWYERS VALLEY,6074,163.9,true},Atlas
157,EG Ampol Mandurah,10-12 Magenta Tce,MANDURAH,6210,163.9,true},EG Ampol
149,Liberty Gosnells,2341 Albany Hwy,GOSNELLS,6110,163.9,true},Liberty
143,Ampol Foodary Doubleview,365 Scarborough Beach Rd,DOUBLEVIEW,6018,163.9,true},Ampol
142,EG Ampol Currambine Marketplace,1244 Marmion Ave,CURRAMBINE,6028,163.9,true},EG Ampol
138,Ampol Foodary Livingston,110 Ranford Rd,CANNING VALE,6155,163.9,true},Ampol
128,Vibe Beechboro,495 Beechboro Rd North,BEECHBORO,6063,163.9,true},Vibe
126,EG Ampol Banksia Grove,133 Ghost Gum Bvd,BANKSIA GROVE,6031,163.9,true},EG Ampol
120,EG Ampol Alkimos,11 Shorehaven Bvd,ALKIMOS,6038,163.9,true},EG Ampol
119,Petro Fuels Calista,103 Calista Ave,CALISTA,6167,163.8,true},Liberty
117,Vibe Subiaco,123 Thomas St,SUBIACO,6008,163.7,true},Vibe
114,Vibe Charles St,427 Charles St,NORTH PERTH,6006,163.7,true},Vibe
113,Vibe Mandurah,2 Rafferty Rd,MANDURAH,6210,163.7,true},Vibe
109,Vibe Bunbury,42 Strickland St,BUNBURY,6230,163.7,true},Vibe
182,Shell Reddy Express Bicton,394 Canning Hwy,BICTON,6157,164.9,true},
107,Vibe Armadale,126 Forrest Rd,ARMADALE,6112,163.7,true},Vibe
183,Shell Reddy Express Brentwood,71 Cranford Ave,BRENTWOOD,6153,164.9,true},
186,BP Canning Vale,1 Wilfred Rd,CANNING VALE,6155,164.9,true},BP
245,BP Connect Riverton,339 High Rd,RIVERTON,6148,164.9,true},BP
240,Shell Reddy Express Palmyra,80 Carrington St,PALMYRA,6157,164.9,true},
236,Shell Reddy Express Ocean Reef,6 Marina Bvd,OCEAN REEF,6027,164.9,true},
235,Shell Reddy Express Northam,10 Beamish Ave,NORTHAM,6401,164.9,true},
232,Shell Coles Express Myaree,69 North Lake Rd,MYAREE,6154,164.9,true},Coles Express
231,BP Connect Myaree,246 Leach Hwy,MYAREE,6154,164.9,true},BP
228,BP Connect Wellington Rd,261 Walter Rd West,MORLEY,6062,164.9,true},BP
226,Ampol Foodary Midvale,375 Great Eastern Hwy,MIDVALE,6056,164.9,true},Ampol
223,Shell Reddy Express Malaga,492 Alexander Dr,MALAGA,6090,164.9,true},
222,Shell Coles Express Leeming,29/51 Farrington St,LEEMING,6149,164.9,true},Coles Express
221,Shell Reddy Express Langford,70 Nicholson Rd,LANGFORD,6147,164.9,true},
219,Shell Reddy Express Kingsley,47 Renegade Way,KINGSLEY,6026,164.9,true},
216,Shell Coles Express Karawara,222 Manning Rd,KARAWARA,6152,164.9,true},Coles Express
215,Shell Reddy Express Jolimont,6 Jersey St,JOLIMONT,6014,164.9,true},
214,Atlas Fuel Jarrahdale,2 Jarrahdale Rd,JARRAHDALE,6124,164.9,true},Atlas
209,Shell Reddy Express Halls Head,14 Guava Way,HALLS HEAD,6210,164.9,true},
206,Shell Reddy Express Girrawheen,60 Marangaroo Dr,GIRRAWHEEN,6064,164.9,true},
199,Shell Reddy Express Duncraig,193 Warwick Rd,DUNCRAIG,6023,164.9,true},
198,Shell Coles Express Dianella,67 Walter Rd West,DIANELLA,6059,164.9,true},Coles Express
196,Shell Reddy Express Cloverdale,223 Belmont Ave,CLOVERDALE,6105,164.9,true},
193,Ampol Foodary Clarkson,7 Ocean Keys Bvd,CLARKSON,6030,164.9,true},Ampol
184,Shell Coles Express Bull Creek,44 Benningfield Rd,BULL CREEK,6149,164.9,true},Coles Express
250,Shell Coles Express Westfield,88 Champion Dr,SEVILLE GROVE,6112,164.9,true},Coles Express
106,Better Choice Tuart Hill,150 Wanneroo Rd,TUART HILL,6060,163.5,true},Better Choice
102,Better Choice Edgewater,21 Edgewater Dr,EDGEWATER,6027,163.5,true},Better Choice
42,Liberty Tapping,3 Herdsman Lane,WANNEROO,6065,159.5,true},Liberty
41,United Southern River,Lot 101 Terrier Pl,SOUTHERN RIVER,6110,159.5,true},United
40,United South Lake,49 Berrigan Dr,SOUTH LAKE,6164,159.5,true},United
39,United Pinjarra,1602 Pinjarra Rd,PINJARRA,6208,159.5,true},United
36,United Neerabup,2038 Wanneroo Rd,NEERABUP,6031,159.5,true},United
35,United Naval Base,13 Lionel St,NAVAL BASE,6165,159.5,true},United
33,United Kewdale,410-412 Orrong Rd,KEWDALE,6105,159.5,true},United
31,Atlas Fuel Forrestfield,78C Hale Rd,FORRESTFIELD,6058,159.5,true},Atlas
28,Liberty Banksia Grove,7 Honeybee Pde,BANKSIA GROVE,6031,159.5,true},Liberty
27,Vibe Wanneroo,964 Wanneroo Rd,WANNEROO,6065,159.3,true},Vibe
26,Vibe Pinjarra,58 George St,PINJARRA,6208,159.3,true},Vibe
21,Vibe Byford,868 South Western Hwy,BYFORD,6122,159.3,true},Vibe
20,United Byford,801-803 South Western Hwy,BYFORD,6122,159.3,true},United
14,Liberty Landsdale,2 Cowle St,LANDSDALE,6065,158.3,true},Liberty
13,Vibe Broadwater,375 Bussell Hwy,BROADWATER,6280,158.3,true},Vibe
11,Atlas Fuel Thornlie,223 Yale Rd,THORNLIE,6108,157.5,true},Atlas
10,Atlas Fuel Kwinana,1 Mandurah Rd,KWINANA BEACH,6167,157.5,true},Atlas
9,Atlas Fuel Wanneroo,951 Wanneroo Rd,WANNEROO,6065,155.9,true},Atlas
8,Atlas Fuel Caversham,40 Bennett St,CAVERSHAM,6055,155.9,true},Atlas
4,Atlas Fuel Ascot,472 Great Eastern Hwy,ASCOT,6104,154.9,true},Atlas
1,Costco Perth Airport,142 Dunreath Dr,PERTH AIRPORT,6105,152.7,true},Costco
43,United Tapping,1369 Wanneroo Rd,WANNEROO,6065,159.5,true},United
104,Better Choice Malaga,3 Carson Rd,MALAGA,6090,163.5,true},Better Choice
57,Ampol Foodary North Wanneroo,2624 Wanneroo Rd,NOWERGUP,6032,159.9,true},Ampol
67,Vibe South Bunbury,302 Blair St,SOUTH BUNBURY,6230,161.3,true},Vibe
101,Better Choice Como,25 Preston St,COMO,6152,163.5,true},Better Choice
100,Better Choice Bellevue,177-179 Great Eastern Hwy,BELLEVUE,6056,163.5,true},Better Choice
98,Shell Reddy Express Vasse,2 Napoleon Prom,VASSE,6280,162.9,true},
96,BP Morley,335 Walter Rd West,MORLEY,6062,162.9,true},BP
92,Vibe Port Kennedy,35 Blackburn Dr,PORT KENNEDY,6172,162.7,true},Vibe
91,Atlas Fuel Midvale,227 Morrison Rd,MIDVALE,6056,162.7,true},Atlas
90,Vibe Hamilton Hill,114 Rockingham Rd,HAMILTON HILL,6163,162.3,true},Vibe
89,United Vasse,210 Northerly St,VASSE,6280,161.9,true},United
86,United Hamilton Hill,9 Winterfold Rd,HAMILTON HILL,6163,161.9,true},United
83,Atlas Fuel Welshpool,36 Welshpool Rd,WELSHPOOL,6106,161.5,true},Atlas
81,United Osborne Park,479 Scarborough Beach Rd,OSBORNE PARK,6017,161.5,true},United
80,United Northbridge,31 Fitzgerald St,NORTHBRIDGE,6003,161.5,true},United
79,United Myaree,182 Leach Hwy,MYAREE,6154,161.5,true},United
78,United Maddington,13 Stebbing Rd,MADDINGTON,6109,161.5,true},United
77,United Lexia,779 Gnangara Rd,LEXIA,6065,161.5,true},United
76,United Leda,2 Feilman Dr,LEDA,6170,161.5,true},United
75,United Ellenbrook,3 Locke Lane,ELLENBROOK,6069,161.5,true},United
74,United East Victoria Park,916 Albany Hwy,EAST VICTORIA PARK,6101,161.5,true},United
72,United Bibra Lake,13 Whyalla Ct,BIBRA LAKE,6163,161.5,true},United
71,United Armadale,178 South Western Hwy,ARMADALE,6112,161.5,true},United
69,United Anketell,5 Albina Ave,ANKETELL,6167,161.5,true},United
61,Metro Bassendean,2/335 Collier Rd,BASSENDEAN,6054,160.5,true},Metro
256,Shell Coles Express Southern River,216 Lakey St,SOUTHERN RIVER,6110,164.9,true},Coles Express
262,Ampol Foodary Wangara,79 Buckingham Dr,WANGARA,6065,164.9,true},Ampol
269,Shell Reddy Express Wembley,337 Cambridge St,WEMBLEY,6014,164.9,true},
442,Astron Roleystone,11 Wygonda Rd,ROLEYSTONE,6111,167.9,true},Astron
441,Ampol Foodary Rockingham,29 Dixon Rd,ROCKINGHAM,6168,167.9,true},Ampol
440,Shell Reddy Express Perth,480 William St,PERTH,6000,167.9,true},
437,Shell Coles Express Mount Pleasant,1 The Esplanade,MOUNT PLEASANT,6153,167.9,true},Coles Express
435,Shell Reddy Express Middle Swan,Lot 46 Great Northern Hwy,MIDDLE SWAN,6056,167.9,true},
433,Shell Reddy Express Maddington,117 Burslem Dr,MADDINGTON,6109,167.9,true},
430,Shell Coles Express Kwinana Beach,4 Beach St,KWINANA BEACH,6167,167.9,true},Coles Express
424,Shell Reddy Express Forrestfield,2 Strelitzia Ave,FORRESTFIELD,6058,167.9,true},
423,Ampol Foodary Falcon (Miami Beach),2 Baroy St,FALCON,6210,167.9,true},Ampol
420,Shell Reddy Express Victoria Park,66 Kent St,EAST VICTORIA PARK,6101,167.9,true},
419,EG Ampol Bunbury,Lot 68 Pennant Rd,EAST BUNBURY,6230,167.9,true},EG Ampol
418,Ampol Foodary Carine,510 Beach Rd,CARINE,6020,167.9,true},Ampol
417,Shell Coles Express Butler,61 Butler Bvd,BUTLER,6036,167.9,true},Coles Express
415,Shell Coles Express Bibra Lake,1 Timberyard Way,BIBRA LAKE,6163,167.9,true},Coles Express
413,Shell Reddy Express Mandurah,Cnr Pinjarra Rd & Watson Dr,BARRAGUP,6209,167.9,true},
411,S24 Balcatta,229 Balcatta Rd,BALCATTA,6021,167.9,true},Caltex
410,Shell Coles Express Armadale,269 South Western Hwy,ARMADALE,6112,167.9,true},Coles Express
409,NightOwl BP Armadale,3249 Albany Hwy,ARMADALE,6112,167.9,true},BP
408,Petro Fuels Shoalwater,113-121 Safety Bay Rd,SHOALWATER,6169,167.8,true},Caltex
406,Petro Fuels Albany,250 Albany Hwy,CENTENNIAL PARK,6330,167.8,true},Petro
405,Liberty Oyster Harbour,4 Bayonet Head Rd,BAYONET HEAD,6330,167.8,true},Liberty
447,S24 Yanchep,1 Ikara Lane,YANCHEP,6035,167.9,true},Caltex
402,Vibe Bunbury Strickland St,81 King Rd,EAST BUNBURY,6230,167.7,true},Vibe
450,Whalley's United Beachway,260 Middleton Rd,MIRA MAR,6330,168.5,true},United
452,Petro Fuels Swan View,309 Morrison Rd,SWAN VIEW,6056,168.8,true},Petro
499,Waroona Roadhouse,32 South Western Hwy,WAROONA,6215,169.9,true},Puma
496,NightOwl Shell Ravenswood,6 Beacham Rd,RAVENSWOOD,6208,169.9,true},Shell
495,BP Port Kennedy,46 Bakewell Dr,PORT KENNEDY,6172,169.9,true},BP
493,BP Mullaloo,101 Dampier Av,MULLALOO,6027,169.9,true},BP
491,BP Koondoola,28 Koondoola Ave,KOONDOOLA,6064,169.9,true},BP
490,Caltex Karragullen,164 Brookton Hwy,KARRAGULLEN,6111,169.9,true},Caltex
485,BP Greenwood North,1 Canham Way,GREENWOOD,6024,169.9,true},BP
484,BP Greenwood,19 Coolibah Dr,GREENWOOD,6024,169.9,true},BP
482,Shell Gidgegannup,2095 Toodyay Rd,GIDGEGANNUP,6083,169.9,true},Shell
480,EG Ampol Eaton,2 Recreation Dr,EATON,6232,169.9,true},EG Ampol
478,BP East Rockingham,137 Dixon Rd,EAST ROCKINGHAM,6168,169.9,true},BP
475,Liberty Cataby,10805 Brand Hwy,CATABY,6507,169.9,true},Liberty
473,Carbunup River Store,6672 Bussell Hwy,CARBUNUP RIVER,6280,169.9,true},Independent
469,BP Ballajura,2 Illawarra Cres North,BALLAJURA,6066,169.9,true},BP
465,Petro Fuels Seville Grove,537 Lake Rd,SEVILLE GROVE,6112,169.8,true},Petro
462,Vibe Waroona,89 South Western Hwy,WAROONA,6215,169.7,true},Vibe
461,United Rangeway,50 Rifle Range Rd,RANGEWAY,6530,169.7,true},United
460,Metro Geraldton,1 Fortyn Ct,MAHOMETS FLATS,6530,169.7,true},Metro
459,United Mount Barker Roadhouse,31763 Albany Hwy,MOUNT BARKER,6324,169.5,true},United
458,Vibe Siesta Park,367 Caves Rd,KEALY,6280,169.5,true},Vibe
456,BP Parklands,85 Forrest Ave,SOUTH BUNBURY,6230,168.9,true},BP
451,Whalley's United Uberwash,225-227 Albany Hwy,MOUNT MELVILLE,6330,168.5,true},United
401,Vibe Placid Ark Roadhouse,6947 South Western Hwy,COOLUP,6214,167.7,true},Vibe
399,Atlas Fuel Geraldton,184 North West Coastal Hwy,WONTHELLA,6530,166.9,true},Atlas
397,BP 2go Burrendah,69 Pinetree Gully Rd,WILLETTON,6155,166.9,true},BP
317,EG Ampol Joondalup Winton Road,189 Winton Rd,JOONDALUP,6027,165.9,true},EG Ampol
316,Caltex Joondalup,49 Candlewood Bvd,JOONDALUP,6027,165.9,true},Caltex
314,EG Ampol Whitfords,470 Whitfords Ave,HILLARYS,6025,165.9,true},EG Ampol
313,Caltex Hamilton Hill North,224 Clontarf Rd,HAMILTON HILL,6163,165.9,true},Caltex
312,Caltex Gwelup,1 Wishart St,GWELUP,6018,165.9,true},Caltex
311,S24 Guildford,22 Johnson St,GUILDFORD,6055,165.9,true},Caltex
309,Caltex Glen Forrest,1400 Great Eastern Hwy,GLEN FORREST,6071,165.9,true},Caltex
306,EG Ampol Floreat,5 Howtree Pl,FLOREAT,6014,165.9,true},EG Ampol
305,EG Ampol Falcon,651 Old Coast Rd,FALCON,6210,165.9,true},EG Ampol
302,EG Ampol Dianella,372 Grand Prom,DIANELLA,6059,165.9,true},EG Ampol
291,Caltex Barragup,715 Pinjarra Rd,BARRAGUP,6209,165.9,true},Caltex
289,EG Ampol Ballajura,5 Hamelin Dr,BALLAJURA,6066,165.9,true},EG Ampol
287,EG Ampol Aveley,317 Millhouse Rd,AVELEY,6069,165.9,true},EG Ampol
286,BP Attadale,530 Canning Hwy,ATTADALE,6156,165.9,true},BP
284,Ampol Foodary Ascot,204 Great Eastern Hwy,ASCOT,6104,165.9,true},Ampol
281,Atlas Fresh Trading Co Northam,Cnr Great Eastern Hwy & Yilgarn Ave,MALABAINE,6401,165.8,true},Atlas
279,Vibe Nollamara,66 Sylvia St,NOLLAMARA,6061,165.7,true},Vibe
278,Vibe Mt Helena,9 McVicar Pl,MOUNT HELENA,6082,165.7,true},Vibe
277,Caltex Kelvin Rd,137 Kelvin Rd,MADDINGTON,6109,165.7,true},Caltex
276,Puma Belmont,33 Belvidere St,BELMONT,6104,165.7,true},Puma
271,Shell Reddy Express Willetton,239-247 High Rd,WILLETTON,6155,164.9,true},
318,Caltex Kalamunda,26 Kalamunda Rd,KALAMUNDA,6926,165.9,true},Caltex
321,Caltex Landsdale,220 Gnangara Rd,LANDSDALE,6065,165.9,true},Caltex
327,NightOwl Shell Maddington,1 Davison St,MADDINGTON,6109,165.9,true},Shell
330,EG Ampol Mandurah Forum,330 Pinjarra Rd,MANDURAH,6210,165.9,true},EG Ampol
396,Ampol Foodary Willetton,169 High Rd,WILLETTON,6155,166.9,true},Ampol
394,Ampol Foodary Subiaco,194 Rokeby Rd,SUBIACO,6008,166.9,true},Ampol
387,Ampol Foodary Mundaring,5895 Great Eastern Hwy,MUNDARING,6073,166.9,true},Ampol
386,Ampol Foodary Lakelands,Lot 50 Mandurah Rd,MEADOW SPRINGS,6210,166.9,true},Ampol
383,Ampol Foodary Kingsley,86 Kingsley Dr,KINGSLEY,6026,166.9,true},Ampol
372,Ampol Foodary Applecross,918 Canning Hwy,APPLECROSS,6153,166.9,true},Ampol
371,Vibe Toodyay Rd,2086 Toodyay Rd,GIDGEGANNUP,6083,166.7,true},Vibe
370,Caltex Yokine,398 Hector St,YOKINE,6060,165.9,true},Caltex
369,BP Dog Swamp,4 Wanneroo Rd,YOKINE,6060,165.9,true},BP
361,Ampol Foodary Warnbro,2 Bristol St,WARNBRO,6169,165.9,true},Ampol
505,BP Woodbridge,380 Great Eastern Hwy,WOODBRIDGE,6056,169.9,true},BP
356,EG Ampol South Fremantle,219 Hampton Rd,SOUTH FREMANTLE,6162,165.9,true},EG Ampol
704,Shell Reddy Express Fitzroy Crossing Roadhouse,87 Great Northern Hwy,FITZROY CROSSING,6765,244.9,true},
351,NightOwl Shell Redcliffe,443 Great Eastern Hwy,REDCLIFFE,6104,165.9,true},Shell
349,EG Ampol Port Kennedy,12 Saltaire Way,PORT KENNEDY,6172,165.9,true},EG Ampol
346,EG Ampol Osborne Park,401 Scarborough Beach Rd,OSBORNE PARK,6017,165.9,true},EG Ampol
345,Caltex Osborne Park,8 Main St,OSBORNE PARK,6017,165.9,true},Caltex
344,Liberty O'Connor,9 Pritchard St,O'CONNOR,6163,165.9,true},Liberty
343,EG Ampol Northam,86 Wellington St,NORTHAM,6401,165.9,true},EG Ampol
342,Caltex Neerabup,2056 Wanneroo Rd,NEERABUP,6031,165.9,true},Caltex
338,NightOwl Shell Highgate,3 Guildford Rd,MOUNT LAWLEY,6050,165.9,true},Shell
336,EG Ampol Morley Galleria,60 Russell St,MORLEY,6062,165.9,true},EG Ampol
353,BP Waikiki,430 Safety Bay Rd,SAFETY BAY,6169,165.9,true},BP
705,BP Fitzroy Crossing,Lot 315 Great Northern Hwy,FITZROY CROSSING,6765,245.9,true},BP
706,Liberty Kalgoorlie,69-71 Wilson St,KALGOORLIE,6430,,,Liberty
707,Lori's Fuel Supply,259 Railway Ave,KELMSCOTT,6111,,,Independent
708,Hi-Way Sales & Service 1982,154 Albany Hwy,KOJONUP,6395,,,Ampol
709,Puma Kununurra,32 Bandicoot Dr,KUNUNURRA,6743,,,Puma
710,Dunning's Carnarvon,125 Robinson St,MORGANTOWN,6701,,,Shell
711,Northcliffe Farm and Trade,6 Windy Harbour Rd,NORTHCLIFFE,6262,,,Independent
712,86 On South,86 South Coast Hwy,ORANA,6330,,,Independent
713,Ampol Picton Depot With Front,1 Wimbridge Rd,PICTON,6229,,,Ampol
714,BP South Bunbury,188 Spencer St,SOUTH BUNBURY,6230,,,BP
715,Walkaway General Store,1 Evans Rd,WALKAWAY,6528,,,Independent
716,7-Eleven Wangara,79 Gnangara Rd,WANGARA,6065,,,7 Eleven
717,Caltex Wangara,1 Brady St,WANGARA,6065,,,Caltex
718,Gull Waterloo,14270 South Western Hwy,WATERLOO,6228,,,Gull
719,Ampol Foodary Wonthella,40 North West Coastal Hwy,WONTHELLA,6530,,,Ampol
720,Smiths Shell Service,86 Avon Tce,YORK,6302,,,Shell
